INSERT INTO countries (id, name) VALUES
                                     (1, 'South Korea'),
                                     (2, 'USA'),
                                     (3, 'Japan'),
                                     (4, 'China'),
                                     (5, 'Vietnam'),
                                     (6, 'Thailand'),
                                     (7, 'India'),
                                     (8, 'France'),
                                     (9, 'Germany'),
                                     (10, 'Australia');

INSERT INTO categories (id, name) VALUES
                                      (1, 'Horror'),
                                      (2, 'Action'),
                                      (3, 'Comedy'),
                                      (4, 'Romance'),
                                      (5, 'Adventure'),
                                      (6, 'Sci-Fi'),
                                      (7, 'Drama'),
                                      (8, 'Animation'),
                                      (9, 'Documentary'),
                                      (10, 'Family'),
                                      (11, 'Mystery'),
                                      (12, 'School'),
                                      (13, 'Political');

INSERT INTO movies (movie_id, title, origin_name, type, description, thumbnail, quality, lang, status, view, country_id, release_year, is_hot, is_new, is_active, created_at, trailer_url) VALUES
                                                                                                                                                                                               (1, 'All of Us Are Dead', 'All of Us Are Dead', 'SERIES', 'The story revolves around a group of high school students who are trapped in their school during a zombie outbreak, fighting not only the undead but also human greed and jealousy.', 'https://img.ophim.live/uploads/movies/ngoi-truong-xac-song-thumb.jpg', 'HD', 'VIETSUB', 'COMPLETED', 1000, 1, 2021, true, false, true, '2025-05-05 10:00:00', ''),
                                                                                                                                                                                               (2, 'Violent Night', 'Violent Night', 'SINGLE', 'When a team of mercenaries breaks into a wealthy family’s estate on Christmas Eve, taking everyone hostage, they aren’t prepared for a surprise combatant: Santa Claus is on the grounds, and he’s about to show why this Nick is no saint.', 'https://img.ophim.live/uploads/movies/dem-hung-tan-thumb.jpg', 'HD', 'VIETSUB', 'COMPLETED', 800, 2, 2022, true, true, true, '2025-05-05 10:00:00', ''),
                                                                                                                                                                                               (3, 'One Piece Film: Gold', 'One Piece Film: Gold', 'SINGLE', 'The Straw Hat Pirates continue their adventure in Gran Tesoro, the world’s greatest entertainment city, facing off against the “Golden Emperor” Guild Tesoro. What does he want, and what will Luffy’s crew do?', 'https://img.ophim.live/uploads/movies/vua-hai-tac-thanh-pho-vang-thumb.jpg', 'HD', 'VIETSUB', 'COMPLETED', 600, 3, 2016, false, false, true, '2025-05-05 10:00:00', ''),
                                                                                                                                                                                               (4, 'One Piece: Heart of Gold', 'One Piece: Heart of Gold', 'SINGLE', 'The story follows Myskina Olga, who is hunted by both the World Government and a man named Mad Treasure because she knows the location of the Pure Gold. She teams up with the Straw Hat Pirates to reach Alchemi Island.', 'https://img.ophim.live/uploads/movies/vua-hai-tac-trai-tim-vang-thumb.jpg', 'HD', 'VIETSUB', 'COMPLETED', 550, 3, 2016, false, false, true, '2025-05-05 10:00:00', ''),
                                                                                                                                                                                               (5, 'Doraemon: Nobita''s Chronicle of the Moon Exploration', 'Doraemon: Nobita''s Chronicle of the Moon Exploration', 'SINGLE', 'Nobita sees a yellow moon and tells his class about it, but they laugh at him. Doraemon gives him the “Club Club Club” badge, and they discover life on the moon.', 'https://img.ophim.live/uploads/movies/doraemon-nobita-va-mat-trang-phieu-luu-ky-thumb.jpg', 'HD', 'VIETSUB', 'COMPLETED', 500, 3, 2019, false, false, true, '2025-05-05 10:00:00', ''),
                                                                                                                                                                                               (6, 'Weak Hero Class 1', 'Weak Hero Class 1', 'SERIES', 'Yeon Shi-Eun, a top student who appears weak but uses his intelligence, tools, and psychology to fight against violence inside and outside his school.', 'https://img.ophim.live/uploads/movies/nguoi-hung-yeu-duoi-thumb.jpg', 'HD', 'VIETSUB', 'COMPLETED', 1200, 1, 2022, true, true, true, '2025-05-05 10:00:00', ''),
                                                                                                                                                                                               (7, 'The Golden Spoon', 'The Golden Spoon', 'SERIES', 'Based on the webcomic “Geumsujeo,” the drama follows Lee Seung Cheon, a boy born into a poor family, who swaps fates with a friend from a wealthy family using a magical golden spoon.', 'https://img.ophim.live/uploads/movies/gold-spoon-thumb.jpg', 'HD', 'VIETSUB', 'COMPLETED', 1500, 1, 2022, true, true, true, '2025-05-05 10:00:00', '');

INSERT INTO episodes (episode_id, movie_id, episode_number, title, thumbnail, video_url, duration, created_at) VALUES
                                                                                                                   (1, 1, 1, 'Episode 1', 'https://img.ophim.live/uploads/movies/ngoi-truong-xac-song-thumb.jpg', 'https://vip.opstream16.com/share/7362b26d78069dd38f4b45743fddc7ee', 60, '2025-05-05 10:00:00'),
                                                                                                                   (2, 1, 2, 'Episode 2', 'https://img.ophim.live/uploads/movies/ngoi-truong-xac-song-thumb.jpg', 'https://vip.opstream16.com/share/dc14e10c0ecf8029a86d27e74d140539', 60, '2025-05-05 10:00:00'),
                                                                                                                   (3, 1, 3, 'Episode 3', 'https://img.ophim.live/uploads/movies/ngoi-truong-xac-song-thumb.jpg', 'https://vip.opstream16.com/share/c031d32c88833d1f9a2144071eaf34d9', 60, '2025-05-05 10:00:00'),
                                                                                                                   (4, 1, 4, 'Episode 4', 'https://img.ophim.live/uploads/movies/ngoi-truong-xac-song-thumb.jpg', 'https://vip.opstream16.com/share/a2667dd894062c9ca2a4602cb4718f52', 60, '2025-05-05 10:00:00'),
                                                                                                                   (5, 1, 5, 'Episode 5', 'https://img.ophim.live/uploads/movies/ngoi-truong-xac-song-thumb.jpg', 'https://vip.opstream16.com/share/a01874b1881feb4f498d3f877bd41e62', 60, '2025-05-05 10:00:00'),
                                                                                                                   (6, 1, 6, 'Episode 6', 'https://img.ophim.live/uploads/movies/ngoi-truong-xac-song-thumb.jpg', 'https://vip.opstream16.com/share/070ffad3c0f12da66ca3b5d0c2d23069', 60, '2025-05-05 10:00:00'),
                                                                                                                   (7, 1, 7, 'Episode 7', 'https://img.ophim.live/uploads/movies/ngoi-truong-xac-song-thumb.jpg', 'https://vip.opstream16.com/share/381dc6cd0e6bfa5feb1f70484171a7a9', 60, '2025-05-05 10:00:00'),
                                                                                                                   (8, 1, 8, 'Episode 8', 'https://img.ophim.live/uploads/movies/ngoi-truong-xac-song-thumb.jpg', 'https://vip.opstream16.com/share/f6c744ece7e1a36892eba3a5d2938110', 60, '2025-05-05 10:00:00'),
                                                                                                                   (9, 1, 9, 'Episode 9', 'https://img.ophim.live/uploads/movies/ngoi-truong-xac-song-thumb.jpg', 'https://vip.opstream16.com/share/992293aa502a94d9d76d1d0313c00873', 60, '2025-05-05 10:00:00'),
                                                                                                                   (10, 1, 10, 'Episode 10', 'https://img.ophim.live/uploads/movies/ngoi-truong-xac-song-thumb.jpg', 'https://vip.opstream16.com/share/508cb643c0ea0e2f6451bba7aa5cfb64', 60, '2025-05-05 10:00:00'),
                                                                                                                   (11, 1, 11, 'Episode 11', 'https://img.ophim.live/uploads/movies/ngoi-truong-xac-song-thumb.jpg', 'https://vip.opstream16.com/share/d61f3a760c9bcbc9bb75228deddd9379', 60, '2025-05-05 10:00:00'),
                                                                                                                   (12, 1, 12, 'Episode 12', 'https://img.ophim.live/uploads/movies/ngoi-truong-xac-song-thumb.jpg', 'https://vip.opstream16.com/share/337751565e513506b6400ca2ad6ff5df', 60, '2025-05-05 10:00:00'),
                                                                                                                   (13, 2, 1, 'Violent Night', 'https://img.ophim.live/uploads/movies/dem-hung-tan-thumb.jpg', 'https://vip.opstream16.com/share/a46e10627f49a5333cdcd0b700790f8b', 112, '2025-05-05 10:00:00'),
                                                                                                                   (14, 3, 1, 'One Piece Film: Gold', 'https://img.ophim.live/uploads/movies/vua-hai-tac-thanh-pho-vang-thumb.jpg', 'https://vip.opstream14.com/share/839541bfa1e1f4a879c4a5d4e5f6d88b', 120, '2025-05-05 10:00:00'),
                                                                                                                   (15, 4, 1, 'One Piece: Heart of Gold', 'https://img.ophim.live/uploads/movies/vua-hai-tac-trai-tim-vang-thumb.jpg', 'https://vip.opstream16.com/share/bb633eed6f972501da3ea6d9eb9d5e77', 104, '2025-05-05 10:00:00'),
                                                                                                                   (16, 5, 1, 'Doraemon: Nobita''s Chronicle of the Moon Exploration', 'https://img.ophim.live/uploads/movies/doraemon-nobita-va-mat-trang-phieu-luu-ky-thumb.jpg', 'https://vip.opstream12.com/share/ab8df9f7733db5611fd53748f1db282e', 111, '2025-05-05 10:00:00'),
                                                                                                                   (17, 6, 1, 'Episode 1', 'https://img.ophim.live/uploads/movies/nguoi-hung-yeu-duoi-thumb.jpg', 'https://vip.opstream15.com/share/ceef9a7959adba8d6498247338ccb9e5', 45, '2025-05-05 10:00:00'),
                                                                                                                   (18, 6, 2, 'Episode 2', 'https://img.ophim.live/uploads/movies/nguoi-hung-yeu-duoi-thumb.jpg', 'https://vip.opstream16.com/share/f25a418b357e97b19bcc1a3eda1ac864', 45, '2025-05-05 10:00:00'),
                                                                                                                   (19, 6, 3, 'Episode 3', 'https://img.ophim.live/uploads/movies/nguoi-hung-yeu-duoi-thumb.jpg', 'https://vip.opstream16.com/share/d0683d8499a7dbd42ee1abbb938e090b', 45, '2025-05-05 10:00:00'),
                                                                                                                   (20, 6, 4, 'Episode 4', 'https://img.ophim.live/uploads/movies/nguoi-hung-yeu-duoi-thumb.jpg', 'https://vip.opstream16.com/share/a366cae9b72e785998b0ce78a2284bdb', 45, '2025-05-05 10:00:00'),
                                                                                                                   (21, 6, 5, 'Episode 5', 'https://img.ophim.live/uploads/movies/nguoi-hung-yeu-duoi-thumb.jpg', 'https://vip.opstream16.com/share/a2ad4a29fc99de79997f9a616c345a7b', 45, '2025-05-05 10:00:00'),
                                                                                                                   (22, 6, 6, 'Episode 6', 'https://img.ophim.live/uploads/movies/nguoi-hung-yeu-duoi-thumb.jpg', 'https://vip.opstream16.com/share/8b867815185dd36ff091a2702449feb9', 45, '2025-05-05 10:00:00'),
                                                                                                                   (23, 6, 7, 'Episode 7', 'https://img.ophim.live/uploads/movies/nguoi-hung-yeu-duoi-thumb.jpg', 'https://vip.opstream16.com/share/7b18ceae096a51a11c3f945abece6238', 45, '2025-05-05 10:00:00'),
                                                                                                                   (24, 6, 8, 'Episode 8', 'https://img.ophim.live/uploads/movies/nguoi-hung-yeu-duoi-thumb.jpg', 'https://vip.opstream16.com/share/ce4e66f7f29c8b37eff635378a9b9c0f', 45, '2025-05-05 10:00:00'),
                                                                                                                   (25, 7, 1, 'Episode 1', 'https://img.ophim.live/uploads/movies/gold-spoon-thumb.jpg', 'https://vip.opstream16.com/share/2d79ee33c5f2e4b7594fd3d3b67f36ed', 78, '2025-05-05 10:00:00'),
                                                                                                                   (26, 7, 2, 'Episode 2', 'https://img.ophim.live/uploads/movies/gold-spoon-thumb.jpg', 'https://vip.opstream16.com/share/d3547395bd58fd67456dffd021f65181', 78, '2025-05-05 10:00:00'),
                                                                                                                   (27, 7, 3, 'Episode 3', 'https://img.ophim.live/uploads/movies/gold-spoon-thumb.jpg', 'https://vip.opstream16.com/share/04d81fced5c98dd0927231751561d1fe', 78, '2025-05-05 10:00:00'),
                                                                                                                   (28, 7, 4, 'Episode 4', 'https://img.ophim.live/uploads/movies/gold-spoon-thumb.jpg', 'https://vip.opstream15.com/share/36609c3d6cf0d6ca0887852c9d84e57d', 78, '2025-05-05 10:00:00'),
                                                                                                                   (29, 7, 5, 'Episode 5', 'https://img.ophim.live/uploads/movies/gold-spoon-thumb.jpg', 'https://vip.opstream16.com/share/2965658b89b496b7c43d6a6ea3ac930b', 78, '2025-05-05 10:00:00'),
                                                                                                                   (30, 7, 6, 'Episode 6', 'https://img.ophim.live/uploads/movies/gold-spoon-thumb.jpg', 'https://vip.opstream16.com/share/e674ecbaf6823de1eefc36451d5b7fb7', 78, '2025-05-05 10:00:00'),
                                                                                                                   (31, 7, 7, 'Episode 7', 'https://img.ophim.live/uploads/movies/gold-spoon-thumb.jpg', 'https://vip.opstream15.com/share/aad65b962da06a412ef0d9e499960b1a', 78, '2025-05-05 10:00:00'),
                                                                                                                   (32, 7, 8, 'Episode 8', 'https://img.ophim.live/uploads/movies/gold-spoon-thumb.jpg', 'https://vip.opstream15.com/share/6d55a62e8f25f61dee04192481e8fab6', 78, '2025-05-05 10:00:00'),
                                                                                                                   (33, 7, 9, 'Episode 9', 'https://img.ophim.live/uploads/movies/gold-spoon-thumb.jpg', 'https://vip.opstream11.com/share/6cb5686162b6b655404343ae77bd9348', 78, '2025-05-05 10:00:00'),
                                                                                                                   (34, 7, 10, 'Episode 10', 'https://img.ophim.live/uploads/movies/gold-spoon-thumb.jpg', 'https://vip.opstream15.com/share/b91f9ae1efafed4d85107226536195f3', 78, '2025-05-05 10:00:00'),
                                                                                                                   (35, 7, 11, 'Episode 11', 'https://img.ophim.live/uploads/movies/gold-spoon-thumb.jpg', 'https://vip.opstream15.com/share/47dd74c3eeffe3ee49f5a49d8a82dbd8', 78, '2025-05-05 10:00:00'),
                                                                                                                   (36, 7, 12, 'Episode 12', 'https://img.ophim.live/uploads/movies/gold-spoon-thumb.jpg', 'https://vip.opstream15.com/share/cd42a075f19bf80f59b7d826c6c2d43d', 78, '2025-05-05 10:00:00'),
                                                                                                                   (37, 7, 13, 'Episode 13', 'https://img.ophim.live/uploads/movies/gold-spoon-thumb.jpg', 'https://vip.opstream11.com/share/8c8b4ac8a579c8bea7c977fe96d65983', 78, '2025-05-05 10:00:00'),
                                                                                                                   (38, 7, 14, 'Episode 14', 'https://img.ophim.live/uploads/movies/gold-spoon-thumb.jpg', 'https://vip.opstream16.com/share/99e54f99035fe00a5b02e468dedeb7fe', 78, '2025-05-05 10:00:00'),
                                                                                                                   (39, 7, 15, 'Episode 15', 'https://img.ophim.live/uploads/movies/gold-spoon-thumb.jpg', 'https://vip.opstream15.com/share/82166899aa3db47b87226f5e2abfbca7', 78, '2025-05-05 10:00:00'),
                                                                                                                   (40, 7, 16, 'Episode 16', 'https://img.ophim.live/uploads/movies/gold-spoon-thumb.jpg', 'https://vip.opstream16.com/share/db68424c064838f1bfdd2380c06b1ee6', 78, '2025-05-05 10:00:00');

INSERT INTO movie_categories (movie_id, category_id) VALUES
                                                         (1, 1),
                                                         (1, 7),
                                                         (2, 2),
                                                         (2, 3),
                                                         (3, 2),
                                                         (3, 3),
                                                         (3, 5),
                                                         (3, 11),
                                                         (4, 3),
                                                         (4, 5),
                                                         (4, 11),
                                                         (5, 2),
                                                         (5, 3),
                                                         (5, 6),
                                                         (5, 10),
                                                         (6, 7),
                                                         (6, 12),
                                                         (7, 13),
                                                         (7, 11);